"","baseMean","log2FoldChange","lfcSE","stat","pvalue","padj"
"ENSG00000284733",67.1754630637256,-1.52796424022712,0.253377280258273,-6.03039166996201,1.63562781548142e-09,2.81176712326112e-08
"ENSG00000284662",66.3461599160132,-1.55176895252531,0.254858037271854,-6.08875815389748,1.13789856841389e-09,2.03127871696452e-08
"ENSG00000049247",39.3314223570626,-2.13769672777521,0.338038130869864,-6.3238331198742,2.55153279362867e-10,5.22607336656451e-09
"ENSG00000162444",226.185041940565,-1.05699445884691,0.168219671230291,-6.28341769494894,3.31209594456623e-10,6.65552252644593e-09
"ENSG00000116661",661.016411725577,1.00065399855159,0.180052156829839,5.55757851597007,2.73542947337595e-08,3.5649286826556e-07
"ENSG00000162490",102.223517260395,-1.06146223771276,0.224967314729028,-4.71829536211199,2.37829034123766e-06,1.99690442542089e-05
"ENSG00000028137",9.37670339780141,-2.33868201219786,0.737865690613751,-3.16952264070249,0.00152689561901368,0.00587449879811989
"ENSG00000162551",10.5851457596104,-2.39790778038828,0.754438336522458,-3.178401287826,0.00148089634335831,0.00571972172097091
"ENSG00000158055",49.7107871725588,-2.05413034651842,0.290126501633809,-7.08011965453296,1.44030045850008e-12,4.39779626650846e-11
"ENSG00000184454",29.3299430114126,-1.2224919896954,0.390313153848967,-3.13207991490968,0.00173572622849864,0.00656415285294372
"ENSG00000131914",33.0435115464158,1.69959037250376,0.398385643893298,4.2661938213792,1.98836055094453e-05,0.000131818641964089
"ENSG00000084636",107.264237590519,-1.38197127838337,0.264017961433589,-5.23438356572189,1.65536380518925e-07,1.82605784741573e-06
"ENSG00000134686",4228.13212370317,-1.00399843340273,0.0844592086217289,-11.8873767560312,1.37662640740735e-32,3.86234616568817e-30
"ENSG00000189280",74.5294024428858,1.27360813435783,0.250956887089175,5.07500770004874,3.87480310136846e-07,3.93567774025608e-06
"ENSG00000164002",27.6400981971305,-6.0209670624909,0.890154855789822,-6.76395463477934,1.34275143725201e-11,3.51526652674954e-10
"ENSG00000117394",6261.41184197025,-1.10030508276782,0.129614371518709,-8.48906699060753,2.08302629434999e-17,1.32938201703796e-15
"ENSG00000186094",11.4900344671958,6.72178620684094,1.3073900388117,5.14137786528529,2.72730918315708e-07,2.85599208123562e-06
"ENSG00000185104",2322.08388545319,-1.361312945243,0.068764685103907,-19.796686964915,3.17927825554845e-87,5.25287418444505e-84
"ENSG00000123091",504.892203011336,-1.08011901371408,0.119563268752884,-9.03386989148393,1.65705702003613e-19,1.30372687237764e-17
"ENSG00000085831",477.679312847126,-1.14063430271622,0.149824762984599,-7.61312269076285,2.67551586373652e-14,1.10821506667861e-12
"ENSG00000085832",1906.9087652468,-1.19920289760756,0.124204073624631,-9.65510117833801,4.67697362543427e-22,5.03960853697156e-20
"ENSG00000117859",2133.42388516151,-1.25659511171484,0.104823202357591,-11.9877573233082,4.1190660399798e-33,1.1778944618173e-30
"ENSG00000006555",54.9515825945415,1.00328359746951,0.292397271014043,3.4312344776341,0.000600841010053134,0.00261932155364705
"ENSG00000169174",961.358341779702,1.64767376002581,0.108002446822041,15.2558928849152,1.50423186972721e-52,9.3199699595182e-50
"ENSG00000162407",73.8694402321498,-1.58403676180793,0.271061265173446,-5.84383298290274,5.10131755748252e-09,7.90172834164219e-08
"ENSG00000162409",219.938442022892,-5.295640042051,0.294798944620073,-17.9635651303835,3.75871970751044e-72,3.9922972893343e-69
"ENSG00000172456",400.706296654954,-1.60009122318945,0.153689302523266,-10.4112075266086,2.20407967055468e-25,3.52415749474711e-23
"ENSG00000162595",35.2494630699901,-2.27469026003927,0.420286956679619,-5.41223139069062,6.22441833941717e-08,7.57423082709766e-07
"ENSG00000259030",31.1174751181826,-1.53362134152053,0.426216102884201,-3.59822477645148,0.000320396661505067,0.00151680940992689
"ENSG00000184005",75.5571390511339,-1.48336610589523,0.241981420373877,-6.13008264685499,8.78334339317306e-10,1.61643955762974e-08
"ENSG00000162618",10.6779363405984,-3.08805022831465,0.765279421207937,-4.03519308469106,5.45574131550897e-05,0.000320406292897387
"ENSG00000117114",14.8734330552785,-5.11681013135651,0.967586963161908,-5.28821731396179,1.23514186632823e-07,1.40202744674052e-06
"ENSG00000267561",31.511983538076,-1.343504934354,0.359899580496896,-3.73299944528717,0.000189213011559717,0.000956429709694304
"ENSG00000162669",79.2932704911447,-1.49391050258529,0.312954137376924,-4.7735764579013,1.80982794913578e-06,1.57197088806361e-05
"ENSG00000198691",26.5111267824678,-1.68171766882664,0.487401383360581,-3.45037524766832,0.00055980783255678,0.00245918536783436
"ENSG00000171385",39.3142074327411,-1.3007926491866,0.320034933948581,-4.06453330934053,4.81286655804006e-05,0.000286842988849922
"ENSG00000163393",425.219287724666,-1.09642085218931,0.19476533791348,-5.6294454851939,1.80789900670897e-08,2.4373035566421e-07
"ENSG00000196154",1750.46552027174,1.5211871989638,0.1448173134406,10.5041804934998,8.26374161961314e-26,1.41243491820284e-23
"ENSG00000185630",1007.03271417541,-2.11292199321822,0.162558037407353,-12.9979546192691,1.25659306333751e-38,4.34547415158809e-36
"ENSG00000117586",71.4157459425359,-1.44789350570687,0.290582592546322,-4.98272622946628,6.26946242109577e-07,6.0694600391728e-06
"ENSG00000203737",283.425840142227,-1.57051500262869,0.133598267588738,-11.7555042514719,6.61645740292648e-32,1.7888494833003e-29
"ENSG00000235750",1064.84889420627,-1.07147688721644,0.234080979288925,-4.57737698497031,4.70842499839454e-06,3.65609815802229e-05
"ENSG00000162779",353.450664303681,-1.35119028728262,0.118163455610129,-11.434925293153,2.79777414955761e-30,6.71014541998737e-28
"ENSG00000162782",52.5201521155836,-1.58486229695059,0.282342409052951,-5.61326335022297,1.98546074029564e-08,2.66460299712961e-07
"ENSG00000135838",2.58506453250732,-5.06098839629789,1.64109548926337,-3.0839085412206,0.00204300390774039,0.00754207251938917
"ENSG00000073756",53.6806203982181,-1.07741524027265,0.31893638194712,-3.37815094563683,0.000729750117165854,0.00309953618704737
"ENSG00000116741",632.812682866338,1.0580420790155,0.13994117994219,7.56061996513517,4.01152707960514e-14,1.60353246434754e-12
"ENSG00000163531",101.635484654622,-1.74950543221348,0.275350861651925,-6.35373145999105,2.1015357983071e-10,4.39519512247913e-09
"ENSG00000076356",65.7956341695538,-1.47444850208664,0.432188728045564,-3.41158481562989,0.000645864047716708,0.00279023776570234
"ENSG00000162814",119.08202311252,-1.00972992320373,0.186889605322329,-5.40281478716937,6.56031891692642e-08,7.8989426959268e-07
"ENSG00000196660",47.2730180157389,-8.29359652141467,1.20498691549889,-6.88272745101217,5.87173047831222e-12,1.59620899840041e-10
"ENSG00000143502",36.4425681406587,-1.6098792734675,0.353840482007419,-4.54973174446937,5.37143481948433e-06,4.12995014300579e-05
"ENSG00000116574",185.054378491423,-1.99497441202702,0.171150394210403,-11.6562653637508,2.1318971736624e-31,5.56163350392279e-29
"ENSG00000177614",9.34102553867673,-2.05646617600259,0.641436964233392,-3.20603003985022,0.00134579938211467,0.00526493996633652
"ENSG00000116991",1459.53428710302,-1.34422144129888,0.18035480921454,-7.4532054185473,9.10992718494035e-14,3.4122069833769e-12
"ENSG00000117020",42.9589236489337,-1.08316961552408,0.336230471274498,-3.22150937545389,0.00127517290277826,0.00502432990575322
"ENSG00000172554",91.2756970881949,-6.74797640514917,0.63189424440804,-10.6789648186631,1.27687531327266e-26,2.43424819338005e-24
"ENSG00000130508",773.366010510416,-2.94832626786511,0.106974830647745,-27.5609341937038,3.27284897436462e-167,1.62224214162673e-163
"ENSG00000182551",1006.26408522244,1.00195693229569,0.0862988122493374,11.6103212336318,3.652408700199e-31,9.36402023654468e-29
"ENSG00000196208",451.43768781808,-1.09119640595523,0.127305174087709,-8.57150083470631,1.02144977078418e-17,6.84187301421656e-16
"ENSG00000163032",604.253020759425,1.08489583413386,0.117365564311799,9.24373209889468,2.38046098651016e-20,2.09452395676959e-18
"ENSG00000084710",76.9237788125275,-1.0948724780197,0.242436278469184,-4.5161247521743,6.29815695460417e-06,4.76366194887915e-05
"ENSG00000189350",32.6875372454116,-1.13379149224845,0.364169894510476,-3.11335865303339,0.00184971087226013,0.00693350155545959
"ENSG00000115825",1075.42151857578,-1.23746002215031,0.0797921510565408,-15.5085432058781,3.03691150843996e-54,1.96342931002184e-51
"ENSG00000162878",5.5651882339905,-2.80098374006401,0.911832839709453,-3.07181713367169,0.00212760023051684,0.0078059253461104
"ENSG00000119866",143.044597306765,-2.79242971375461,0.191326789897571,-14.5950795246686,3.01860522076575e-48,1.60309498688524e-45
"ENSG00000115504",8576.72304966781,-1.0301723241105,0.116696873884818,-8.82776281674258,1.06790217574511e-18,7.90035092205462e-17
"ENSG00000143951",809.215749068038,-1.21083370140773,0.120648094079889,-10.0360781547528,1.05797204981709e-23,1.32202053620001e-21
"ENSG00000116096",742.252668841054,1.09271993761333,0.13719433536034,7.96475987688053,1.6554492356368e-15,8.37296943330586e-14
"ENSG00000186854",208.401035171955,-2.01137098247577,0.18677084121068,-10.7691916438226,4.81207459048062e-27,9.93827071672872e-25
"ENSG00000233757",5.16358976580269,-6.06077258031666,1.43030697032025,-4.23739288564022,2.26130240394644e-05,0.000147934741516426
"ENSG00000196872",34.3740249777933,-1.6846058498894,0.433778992454788,-3.88355793893128,0.000102938988257715,0.000560282021468645
"ENSG00000115594",245.025050132888,-1.14313191363859,0.171301839329024,-6.67320279873323,2.50280152013015e-11,6.31861775964946e-10
"ENSG00000135960",21.9482845804626,-2.32816852449902,0.510632628324611,-4.55938064932856,5.13047043446633e-06,3.95900858124102e-05
"ENSG00000163075",33.4080757873081,-1.07956829571171,0.331559468422348,-3.25603217078552,0.00112980949306565,0.00453081638670069
"ENSG00000176771",14.1394893597432,-2.00452149932589,0.607570095915527,-3.29924318659124,0.000969458869650058,0.00397651551599561
"ENSG00000168702",265.790101721152,-1.25043992601981,0.244554397086977,-5.11313614032089,3.16853767100421e-07,3.27878602420547e-06
"ENSG00000150556",311.061506586962,-2.04890505152425,0.233157043590335,-8.78766096864842,1.52705989344088e-18,1.11859017810177e-16
"ENSG00000182389",425.908824873716,-1.42066345252999,0.139454625714471,-10.1872809542994,2.25996733648258e-24,3.14072096200896e-22
"ENSG00000144278",53.0403544781405,-1.30187027721786,0.312242098879919,-4.16942584580346,3.0536794973747e-05,0.000192167755099902
"ENSG00000136542",1004.48049260195,1.50162878065532,0.107817668323411,13.9274833522741,4.31286264856688e-44,2.11901372838456e-41
"ENSG00000153246",105.038206171223,-1.16471363861189,0.26288461804149,-4.43051269902777,9.400931067305e-06,6.80252286962653e-05
"ENSG00000136560",4104.46879015751,-1.19998868409126,0.129918569764022,-9.23646778340365,2.5476870618416e-20,2.22847685938733e-18
"ENSG00000115290",284.26394439472,-1.06336313215879,0.129357135927396,-8.22036700592702,2.02881358236726e-16,1.18307678312946e-14
"ENSG00000153253",6.67855037386918,-6.43518728984777,1.37480969051782,-4.68078406359208,2.85779828897969e-06,2.34263839895965e-05
"ENSG00000136531",26.7372765373906,-2.01985175386218,0.422039531230509,-4.78593023732409,1.70197171988633e-06,1.49755775263828e-05
"ENSG00000178662",14.1217809906358,-5.63169670556217,1.10873591415292,-5.07938512108611,3.78658412141185e-07,3.85397028647462e-06
"ENSG00000169432",33.9215914338795,-6.90311576065902,1.16494986726608,-5.92567624979376,3.11014800154355e-09,5.04339157938415e-08
"ENSG00000163072",84.7162928100534,-3.40981323205086,0.331540665607914,-10.2847511203448,8.25550774475273e-25,1.19183883654828e-22
"ENSG00000115844",82.7960353137309,-1.23052392690876,0.216767397763056,-5.67670202995114,1.37316356861833e-08,1.89943648980043e-07
"ENSG00000079156",1153.35892830844,-1.05290775196938,0.149545761694457,-7.04070606909355,1.91268106758303e-12,5.66565089142623e-11
"ENSG00000155657",1888.12389548912,-4.82907659027802,0.115629313254854,-41.763428791058,0,0
"ENSG00000150722",482.378655067125,-1.01256144377112,0.203759614824241,-4.96939221564851,6.71630922906426e-07,6.44332375717326e-06
"ENSG00000170396",170.300805490361,-2.51126321472169,0.233482540697412,-10.7556788067346,5.57222307381152e-27,1.1047860947677e-24
"ENSG00000138449",15.6384314009388,-1.73099861260425,0.494188755296491,-3.50270740491805,0.000460555071212185,0.00207591812941049
"ENSG00000189362",688.870757439315,-1.01050356286,0.171283434413792,-5.89959890936557,3.6438628291209e-09,5.813759685518e-08
"ENSG00000138378",115.238537696716,-1.37246538473703,0.332085123074887,-4.13287223477196,3.58257897156791e-05,0.000221141342080593
"ENSG00000119042",2092.68609747689,-1.49198042925665,0.109249997988414,-13.6565716862976,1.84465960022679e-42,8.31214795617345e-40
"ENSG00000144452",92.2158549275177,-1.0716760145363,0.321798007485467,-3.33027548215846,0.000867601004632085,0.00361480160797957
"ENSG00000115414",940.103156510861,-1.00640468870654,0.222814623693755,-4.51678023651525,6.27870072861724e-06,4.75443387327443e-05
"ENSG00000123989",3311.33644622558,1.15913044400102,0.0886119350058557,13.0809742945396,4.22983543324243e-39,1.57244132230787e-36
"ENSG00000171951",1020.41045148169,1.07519811015636,0.14705137397296,7.31171753862072,2.63749093650541e-13,8.85315806452268e-12
"ENSG00000169047",6374.49705886181,-1.00250987086444,0.0778914877063253,-12.8705960097232,6.5891726107304e-38,2.17735548270136e-35
"ENSG00000187957",32.1269461621063,-1.52676934820537,0.39823973911114,-3.83379456709438,0.000126181534206632,0.000668878235817352
"ENSG00000163359",43.6604257010714,-4.52011064304306,0.81521907009787,-5.5446576372415,2.94529885369107e-08,3.79519878287576e-07
"ENSG00000132329",182.241626624066,1.3811894808112,0.160722477454025,8.59362985619912,8.42641648071024e-18,5.72149831361467e-16
"ENSG00000146205",17.6835064191949,-1.87895686690339,0.521255338715193,-3.60467649412417,0.000312541995511713,0.0014857734888936
"ENSG00000132170",1059.23663303328,-2.70880900410159,0.103265744702073,-26.2314382365288,1.16413116530746e-151,4.3276576070305e-148
"ENSG00000144596",36.0413064528131,-2.04715115574156,0.371048942033544,-5.51719981876807,3.44443725324007e-08,4.37020323853923e-07
"ENSG00000183960",12.6965535526394,-7.3555324767732,1.32717406376644,-5.54225152343519,2.98606961289166e-08,3.84107743457604e-07
"ENSG00000151090",153.415548607239,-1.08809647206964,0.216621277150104,-5.02303599343873,5.08610082573821e-07,5.02861165417069e-06
"ENSG00000163491",229.697509707562,-1.12671025253233,0.218771908070274,-5.15015964559035,2.6026482793273e-07,2.74089092872499e-06
"ENSG00000168016",48.1175954975568,-4.55464822476896,0.46416347254184,-9.81259511832526,9.93792941777048e-23,1.17283341620831e-20
"ENSG00000144668",70.0021023547421,-1.3064169481183,0.291463310588646,-4.4822689534399,7.3853583307544e-06,5.47459014847049e-05
"ENSG00000157388",153.01718725215,-1.2253379662249,0.16751235363168,-7.31491104780922,2.57551943945015e-13,8.68434786045891e-12
"ENSG00000168306",117.170876407453,1.11100869100724,0.237056287105554,4.68668730356239,2.77662705060149e-06,2.2861818517411e-05
"ENSG00000189283",670.267722825353,-1.14769596793738,0.124820913460682,-9.19474097823277,3.75899128849031e-20,3.21242531378454e-18
"ENSG00000163637",7.04515301119861,-3.53053046811684,0.984985101962593,-3.58434910445064,0.000337919857939773,0.00159115525255365
"ENSG00000154165",84.5169918989924,-2.50968707484012,0.268078594082346,-9.36175856722531,7.84204175965656e-21,7.28819756038081e-19
"ENSG00000177707",5962.46146637105,-1.86650265204084,0.13537693603391,-13.7874493744881,3.03294986031386e-43,1.4093738882146e-40
"ENSG00000153283",25.992459562511,-1.82048500230334,0.378256979820497,-4.81282593428217,1.48810895592192e-06,1.33061817044852e-05
"ENSG00000172139",47.5658238450023,-2.15724464451944,0.438214039764346,-4.92281042770678,8.53100854244597e-07,8.00353924455341e-06
"ENSG00000160145",233.112972831594,-1.21217717855482,0.134827857238377,-8.99055435118039,2.45986543813113e-19,1.90511453463593e-17
"ENSG00000114631",26.0258654954766,-6.52046800528015,1.08831730264832,-5.99132990848641,2.08131934350393e-09,3.49447542976037e-08
"ENSG00000168917",112.034071061934,-1.11913061109731,0.199752606724694,-5.60258326260411,2.11180535764883e-08,2.82143267459461e-07
"ENSG00000174564",174.294067894111,-1.21321269690548,0.359840741174491,-3.37152678417027,0.000747527695733999,0.00316597460426219
"ENSG00000163762",26.7430786597685,-5.55525399647892,0.843581339517443,-6.58532110212006,4.53903334098591e-11,1.08863589968485e-09
"ENSG00000197980",135.205027665604,-1.10595561749239,0.254973200608027,-4.33753670917198,1.44088474640472e-05,9.95629933970173e-05
"ENSG00000196542",65.9515928322176,-1.92519049447584,0.310640451591195,-6.19748807540818,5.73713837161026e-10,1.09937174724026e-08
"ENSG00000053524",272.868767817907,-1.20207586233547,0.170762734977721,-7.03945074721543,1.92999087029371e-12,5.69423893675941e-11
"ENSG00000145113",37.9523072291552,-2.40629749510524,0.407089797668839,-5.91097470112166,3.40089268827038e-09,5.46126072079704e-08
"ENSG00000272602",176.246362597931,-10.1960626706099,1.19025241650518,-8.56630285242148,1.06860608366258e-17,7.12563787626122e-16
"ENSG00000137449",103.846605020217,-1.87364520034821,0.254720498952898,-7.35569068076721,1.8994239867839e-13,6.63835045023689e-12
"ENSG00000137440",55.1008291505497,2.79039757021426,0.377675617122331,7.38834450440691,1.4866814678584e-13,5.31417149688808e-12
"ENSG00000109680",2731.23236430709,-1.45684304451962,0.402559014906436,-3.61895521047573,0.000295794823076506,0.00141338978764385
"ENSG00000163071",19.0876403159966,-6.97214579026178,1.24405862148827,-5.60435470630874,2.09032248702223e-08,2.79775836021787e-07
"ENSG00000182585",39.2688755674701,-1.20733824221483,0.35610940617213,-3.39035762967531,0.000698014997132329,0.00298175323394362
"ENSG00000163297",493.458256724575,-1.33424999153871,0.171452604266733,-7.78203397519108,7.1367694373283e-15,3.25594984527292e-13
"ENSG00000249242",49.6833255823696,-2.57177766640479,0.339670898424435,-7.57138064619016,3.6927825835597e-14,1.48409937885224e-12
"ENSG00000109339",62.5717067849043,-1.57422676546487,0.349581822739788,-4.50317111206509,6.6946938135684e-06,5.03032324445488e-05
"ENSG00000163110",11245.6978985685,-1.6591919252903,0.0978502418917417,-16.9564417339507,1.72478151199755e-64,1.34986847807387e-61
"ENSG00000182168",5.53804099598863,-6.16304626155332,1.4172029407229,-4.34873939677942,1.3692229945164e-05,9.50529688536827e-05
"ENSG00000163116",64.5207212519657,-1.16141595694821,0.262355378151494,-4.4268806880626,9.5605578870027e-06,6.90458940163818e-05
"ENSG00000145362",963.361181305213,-1.25002925425645,0.263868486425542,-4.73731922742953,2.16563887640701e-06,1.83702510508684e-05
"ENSG00000145349",4423.58937302822,-1.84170869522711,0.0934088925230039,-19.7166313129508,1.55229259344406e-86,2.30825908645132e-83
"ENSG00000172403",111.254134433448,-2.02844243199824,0.429430386478484,-4.72356520606833,2.31745607522121e-06,1.9502304379479e-05
"ENSG00000138735",393.686671423433,-1.1898756469049,0.139553622501999,-8.5262971005131,1.51106863455705e-17,9.81204829513685e-16
"ENSG00000138741",37.8414418134241,-1.02118551985801,0.311489724679193,-3.27839231586126,0.00104400188505549,0.00423467213059877
"ENSG00000196159",469.878458072986,-1.44425240800313,0.205389038555467,-7.03178912643429,2.03901813519456e-12,5.99213432220218e-11
"ENSG00000153132",99.2690206596188,-1.43823162625324,0.425675125706424,-3.3787072332837,0.000728275198662457,0.00309501349074328
"ENSG00000164161",3.50294703744743,-5.50715905737912,1.489655357603,-3.69693501874196,0.000218218170550782,0.00108271744947952
"ENSG00000234828",46.5611714426071,-1.95449099459754,0.426362541308892,-4.5841057908076,4.5593337145299e-06,3.5514558583059e-05
"ENSG00000151962",31.0770814207437,-1.71424401082208,0.353822134412206,-4.8449315181197,1.26655357319351e-06,1.14629650842286e-05
"ENSG00000164125",75.499624080335,1.13800909078118,0.253421489946319,4.49057848654525,7.1029994860363e-06,5.29638851352157e-05
"ENSG00000168843",14.4850504496483,-2.24141130583985,0.558770621041484,-4.01132633219355,6.03785837429286e-05,0.000348671666119358
"ENSG00000164128",6.00642762763372,-5.28753948776286,1.35680005720377,-3.89706608552182,9.73650571744611e-05,0.000532677851429079
"ENSG00000038295",50.574278949937,-1.6373489318692,0.276504403164316,-5.92160165672366,3.18821127713424e-09,5.15570785813363e-08
"ENSG00000196104",42.3460841363893,-3.23901140251203,0.37986808218987,-8.52667427028804,1.50615203708724e-17,9.81204829513685e-16
"ENSG00000109511",423.974967177229,-7.46992506468467,0.405792117779826,-18.4082556988889,1.12797373072373e-75,1.39774744798848e-72
"ENSG00000129116",16497.2883862958,1.07515171694033,0.111415734638032,9.6499091482302,4.91992978976082e-22,5.22566828383882e-20
"ENSG00000150625",141.408020641274,-1.21058168420902,0.271325722867066,-4.46172840310513,8.1301228432755e-06,5.98489736037161e-05
"ENSG00000218336",59.8296645486244,-2.81768192905068,0.343277570467551,-8.20817370972692,2.24578148958076e-16,1.28937338803343e-14
"ENSG00000154553",378.803999200462,-1.84034294078694,0.287616590751409,-6.39859799456968,1.56810091273978e-10,3.38622163332099e-09
"ENSG00000113389",36.170593858391,-1.25800843368788,0.418413933240465,-3.00661219368356,0.0026417654751512,0.00939561172339115
"ENSG00000079215",1308.23567380456,1.30321089280448,0.177283700434761,7.35099103644925,1.96742615796116e-13,6.83542686188844e-12
"ENSG00000213949",186.609427820277,-1.30665610885174,0.248689270754613,-5.25417162102278,1.48692181856702e-07,1.66369657201592e-06
"ENSG00000069020",70.9223745104125,-1.41430480747924,0.2470708223806,-5.72428906761226,1.03867767031425e-08,1.4751802251741e-07
"ENSG00000145700",115.305090650814,-1.42820010187952,0.249704582027762,-5.71955904966426,1.06800853930082e-08,1.51250352184793e-07
"ENSG00000132837",121.527826857379,-2.09030291060027,0.425111494206033,-4.9170698489446,8.78492129505529e-07,8.23136607797556e-06
"ENSG00000248483",493.649339237582,-1.40576308487231,0.17859919358397,-7.87104945247907,3.51678579669885e-15,1.6814985465245e-13
"ENSG00000186952",63.722107119187,-1.06868799478384,0.24739387378159,-4.3197835841615,1.56182289576739e-05,0.000106680323656689
"ENSG00000173926",66.2061740855046,-1.06866161312699,0.252218936907069,-4.23703955869397,2.26486244503472e-05,0.00014810248266344
"ENSG00000152377",11.0426280438452,-4.21697390708391,1.01311920940864,-4.16236694351633,3.14965675250122e-05,0.000197035742152685
"ENSG00000120738",2694.80021732126,-1.65168017468817,0.506062060073786,-3.26378977006763,0.00109932703984109,0.00442498156598495
"ENSG00000184584",395.470867396215,1.15845508153262,0.133888637834971,8.65237782880807,5.04373387889318e-18,3.5545176672579e-16
"ENSG00000113073",37.8817463175948,-1.09684527209175,0.314894140655171,-3.48321905834657,0.000495422801695368,0.00221206123930641
"ENSG00000169302",25.4172423437783,-3.81493542727983,0.700320860129465,-5.44741081477222,5.11083269990903e-08,6.27046883231413e-07
"ENSG00000113140",43.0602790253357,-2.7786682819077,0.423768143283126,-6.5570485321999,5.48831561191343e-11,1.29130346341733e-09
"ENSG00000285868",28.0038292567918,-1.95863023844382,0.381205131094283,-5.13799547456616,2.77684567734873e-07,2.9017354337439e-06
"ENSG00000135074",5131.92930691667,-1.70084732390674,0.0738955324573333,-23.0169168195492,3.15606618292418e-117,9.3861408280165e-114
"ENSG00000120149",369.741615977181,-1.03717684806674,0.133278788061481,-7.78200989934194,7.13812810732329e-15,3.25594984527292e-13
"ENSG00000230178",66.2075401958557,-1.54730586215495,0.25346395496071,-6.10463867493426,1.03033499982559e-09,1.86387852158231e-08
"ENSG00000188996",28.3564403411948,-1.12268576411464,0.348515103716964,-3.22134034405118,0.00127592529622421,0.00502596269002754
"ENSG00000111837",22.2653291304026,-1.82882580802849,0.437202803581799,-4.18301482297408,2.87668627719433e-05,0.000182648697446113
"ENSG00000111863",6.66144656823138,-3.43514070913387,1.04990626632313,-3.27185465914406,0.00106844486656117,0.0043196778590986
"ENSG00000112183",111.071333486067,-1.19658439862206,0.203726514783314,-5.87348387074094,4.26730567479331e-09,6.73618210023105e-08
"ENSG00000112139",261.366072602499,-1.06842044302805,0.262818084695284,-4.06524704822652,4.79816093015826e-05,0.000286081207022668
"ENSG00000124813",267.90592924117,-2.74328583222656,0.157053674784028,-17.4671865271473,2.54751191897229e-68,2.36759388969487e-65
"ENSG00000153292",3814.33490200074,1.44651389607611,0.0808000472135084,17.9023892430879,1.12969712644914e-71,1.11990641801991e-68
"ENSG00000244694",61.1477396285781,-1.34699501827501,0.336560669660953,-4.00223537596344,6.27468294146648e-05,0.00036136535762822
"ENSG00000197261",1307.15075961248,-1.1451818781892,0.261275037882731,-4.38305123776577,1.17028574912877e-05,8.24746402348096e-05
"ENSG00000170899",42.0121922557061,-1.63520443195641,0.313149724154192,-5.22179745287355,1.77194721303148e-07,1.93884143177175e-06
"ENSG00000112245",144.498005093364,-1.98320488719805,0.271186489422455,-7.31306670705343,2.6111330379968e-13,8.78451318439196e-12
"ENSG00000135333",8.98952097146782,-6.86530365148832,1.37073622660611,-5.00847903355306,5.48618505187482e-07,5.37061038323756e-06
"ENSG00000164418",97.2402575633599,-3.68568865743534,0.349650571745103,-10.5410628646769,5.58639287077838e-26,9.77290141040876e-24
"ENSG00000057657",119.313154061364,-1.95109281881187,0.470713919745835,-4.14496520490701,3.39865313439913e-05,0.000210488179719936
"ENSG00000112769",155.322192222448,-4.15455700635145,0.359628844204998,-11.5523464630196,7.18320689646739e-31,1.81041163644865e-28
"ENSG00000111879",175.132569179021,-1.15325671442277,0.155486639497697,-7.41707916608392,1.19731386539002e-13,4.37652615235345e-12
"ENSG00000152661",6.73598321396085,-5.44838556367858,1.35304404825187,-4.02676141306552,5.65503619582825e-05,0.000330154645590758
"ENSG00000135549",334.555448327696,-1.9135779787963,0.19456245821784,-9.83528886468824,7.93395906166292e-23,9.4382376997542e-21
"ENSG00000196569",572.843830577326,-1.13875376328409,0.194301227869192,-5.86076462702911,4.60740659394275e-09,7.19665294663116e-08
"ENSG00000164483",329.046654273892,-2.64192831234372,0.134519441746874,-19.6397507901873,7.07444869441289e-86,9.56336837144724e-83
"ENSG00000164484",716.846254763618,-1.66067282862619,0.119251782200909,-13.9257694767897,4.41758073839417e-44,2.11901372838456e-41
"ENSG00000118523",66.4143115807774,-1.1841814088389,0.375450474759435,-3.15402826324205,0.00161033489465729,0.00614779971336427
"ENSG00000079931",46.5418578773809,-1.38452194475382,0.325252006039828,-4.25676681171426,2.07404482822811e-05,0.000137132265877065
"ENSG00000118526",18.7536697866125,-4.17811169837798,0.693950765494015,-6.02076099073633,1.73598941188162e-09,2.96373852522156e-08
"ENSG00000118515",144.439413328384,-1.89440304178903,0.177631902239249,-10.6647680844936,1.48769728957711e-26,2.80026059443185e-24
"ENSG00000171408",40.2981629398582,-1.32098336931653,0.365597885503738,-3.61321392079829,0.000302424994015947,0.00144044191576462
"ENSG00000135604",19.9078317602059,-1.55599175145631,0.498021556099818,-3.12434619023687,0.00178200660154417,0.00671186377025376
"ENSG00000185345",52.2749601419408,-1.30914759927106,0.344262468384594,-3.8027601597527,0.000143092872030217,0.000747380051664674
"ENSG00000112541",44.007890238935,-2.94842991324289,0.415374530448919,-7.09824434843502,1.26351649246814e-12,3.87391551402087e-11
"ENSG00000226690",9.9706166434183,-3.20203332975097,0.747416299823312,-4.28413633808618,1.83450398900717e-05,0.000122657708257808
"ENSG00000006747",13.2676477998714,-3.25956929831331,0.64938426724234,-5.01947685328953,5.18123878378554e-07,5.11247649070279e-06
"ENSG00000122644",1129.10257552293,-1.48289311279531,0.0853023487191002,-17.3839658000328,1.09138336061225e-67,9.54639445429654e-65
"ENSG00000214960",310.568355587873,-1.58582543636521,0.190656462613232,-8.31771141994929,8.96780351358958e-17,5.35547141554526e-15
"ENSG00000048052",211.324069205621,-1.38972981950748,0.17299356673267,-8.03341907884386,9.47931853051307e-16,5.0522389443989e-14
"ENSG00000122691",17.7363495908688,-2.70221249116697,0.546218310128009,-4.94712908934469,7.53160318732331e-07,7.15622615945671e-06
"ENSG00000188732",51.3451856766455,-1.43323531987781,0.267356588134892,-5.36076305385331,8.28711564002521e-08,9.76461248551307e-07
"ENSG00000106069",57.028550377796,-1.32060971530355,0.278752951109351,-4.73756317214913,2.16303440156323e-06,1.83586310224002e-05
"ENSG00000078549",5.25298549239886,-3.06950011893513,0.981397119360774,-3.1276840520323,0.00176189467195986,0.00664958725178761
"ENSG00000136250",17.3152130502752,-5.33219030735011,0.9224464512937,-5.78048763683994,7.44844119218235e-09,1.10207284107215e-07
"ENSG00000155849",6.00085522854381,-4.36484632435908,1.23549317370703,-3.53287773437275,0.000411062530030918,0.0018777084753797
"ENSG00000175600",258.310617222618,-1.17987929285446,0.156102558480086,-7.55835973697365,4.08183850162103e-14,1.62726376726822e-12
"ENSG00000165215",99.6337241466149,1.21188994488477,0.24616770949191,4.92302563722153,8.52162835142191e-07,7.99978621121488e-06
"ENSG00000106211",5696.02265905704,1.22394815493313,0.113057147625923,10.8259245933115,2.59447251267272e-27,5.43377553006245e-25
"ENSG00000186088",12.4816865822892,-6.35995262756903,1.28185571348406,-4.9615198970271,6.99437038985962e-07,6.69712090774067e-06
"ENSG00000153956",12.2660571511129,-2.64380538890291,0.699470844395933,-3.77972207145549,0.000157003510613486,0.00081035827935527
"ENSG00000075213",2252.03289596935,-5.46642326736549,0.115700298460238,-47.2464059307858,0,0
"ENSG00000153993",92.5396352626722,-1.70442165760665,0.214285843780395,-7.95396292885021,1.80638199155301e-15,8.98357866702114e-14
"ENSG00000105852",138.769474040545,-1.24185443089328,0.211814139073323,-5.86294397685787,4.54731681578681e-09,7.1177474790263e-08
"ENSG00000197093",119.42606594154,-1.36657151257808,0.246376102615789,-5.54668857112809,2.91130617578717e-08,3.75465072280617e-07
"ENSG00000128512",457.935708753263,-1.14380322108679,0.117292189118233,-9.75174246201352,1.81328776363515e-22,2.04269613979203e-20
"ENSG00000128573",193.640229737453,-1.08533777422887,0.360087450512249,-3.01409497244323,0.00257747107083747,0.00920215962145335
"ENSG00000105974",6321.4978421789,1.24963788874159,0.119881829192459,10.4239140923969,1.92849595036387e-25,3.1512895364737e-23
"ENSG00000006459",1279.4382731158,-1.41642644350632,0.200848700754114,-7.05220615412571,1.7610302826771e-12,5.2795403837517e-11
"ENSG00000178826",112.741895223389,-1.32831657752583,0.276023011464619,-4.81233999468953,1.49173292940288e-06,1.33225637598924e-05
"ENSG00000174469",37.9230353325023,-2.28592362426541,0.395407875034131,-5.78117879940579,7.41789993205355e-09,1.09974249241911e-07
"ENSG00000186480",686.988773598691,1.38904897335889,0.129462452199614,10.7293578157871,7.41093976493161e-27,1.43117758837056e-24
"ENSG00000198223",39.0387515130925,-1.46566166722617,0.435123746559601,-3.36837894694266,0.000756115925782241,0.003197794031963
"ENSG00000101850",28.9981195062318,-1.96584474731979,0.455562537121627,-4.3152028253696,1.59456429826862e-05,0.000108716969808594
"ENSG00000169306",898.485711389308,-1.5357409025876,0.114724074050997,-13.3863874281952,7.26283490823019e-41,2.84206197593113e-38
"ENSG00000214107",14.0566012941999,-7.51484272558701,1.26702534910605,-5.93109106371794,3.00928246334748e-09,4.90658226205889e-08
"ENSG00000147041",21.2604909329514,-2.4742036479036,0.59972807540344,-4.12554247396071,3.69861911993357e-05,0.00022745436854182
"ENSG00000069535",783.635381851275,-1.24003480245403,0.161744385521401,-7.66663274559202,1.76570412785923e-14,7.54483344289274e-13
"ENSG00000017483",925.212360841054,1.05092630262883,0.149082439855851,7.04929637350301,1.79824774049205e-12,5.38012475653891e-11
"ENSG00000102053",33.9003424223206,-1.6384681396313,0.356558293901245,-4.59523216163106,4.3226771284407e-06,3.38662849841481e-05
"ENSG00000147100",3.95989868990726,-4.65863726863362,1.44095586037247,-3.23301871816492,0.00122489536597598,0.00486360322885521
"ENSG00000184788",11.120908583563,-2.34378162133309,0.756978541553371,-3.0962325781699,0.00195996563898191,0.00728435117512146
"ENSG00000102385",162.677657066507,-1.02517613604833,0.17288698707275,-5.92974724938052,3.03401336300152e-09,4.93314665639247e-08
"ENSG00000165376",44.4514982637142,-1.33700975565068,0.286388376200521,-4.66851962844521,3.03377797566417e-06,2.46919969885749e-05
"ENSG00000197565",200.47054477238,-2.19176697421785,0.295509634175889,-7.41690530777516,1.19888596707024e-13,4.37652615235345e-12
"ENSG00000188153",3146.5921317426,-1.50168722789784,0.133782013811202,-11.2248813208709,3.07799419476253e-29,6.93481419335133e-27
"ENSG00000077274",9.39404144888515,-5.94206537877341,1.31175511247537,-4.52985875355983,5.90231321610263e-06,4.49397836781598e-05
"ENSG00000147251",97.7174306612132,-1.59049049032116,0.217057371833815,-7.32751197014806,2.34464734273572e-13,7.96002419782654e-12
"ENSG00000174460",55.6568206875419,-1.67241763202464,0.272127357311342,-6.14571665468832,7.9603275016745e-10,1.48333420989849e-08
"ENSG00000175556",245.152266671192,-1.25388912422327,0.128425896609953,-9.76352244618938,1.61448133304897e-22,1.84671826326448e-20
"ENSG00000267978",5.15195516122673,-3.48936968950517,1.13658978773781,-3.07003434937609,0.00214034153376938,0.00784299620678923
"ENSG00000123584",4.91956507812539,-4.98491893055565,1.4318226643132,-3.48151978230261,0.000498576952115024,0.00222370704197673
"ENSG00000102287",225.055062831973,-1.17036384464495,0.152565584443473,-7.67121791532599,1.70370812864217e-14,7.34322894866929e-13
"ENSG00000176269",44.278318842318,-1.67062633442556,0.329420704311146,-5.07140660123054,3.94886056253669e-07,4.00816085767376e-06
"ENSG00000091879",438.092953633651,-3.1831644579539,0.299451325647835,-10.6299895352522,2.16136729974481e-26,3.96784342558091e-24
"ENSG00000205882",11.7053774819722,-2.09069158206442,0.597851491185512,-3.49700822510065,0.000470507325234147,0.00211309088681116
"ENSG00000038945",28.6349977490966,-6.06856365188875,0.905191855195797,-6.70417394616978,2.02548871490363e-11,5.18399607411651e-10
"ENSG00000155970",3.81297001263508,-4.61559844270932,1.51991115546324,-3.03675542226188,0.00239139405486384,0.00861780539010883
"ENSG00000104219",2531.18624082724,-1.62541494993028,0.078113142849724,-20.8084694922248,3.62741348296421e-96,6.74245481145972e-93
"ENSG00000147408",21.8930866071359,-2.06988913786478,0.443343637283713,-4.66881435481204,3.02942967282062e-06,2.46701091099905e-05
"ENSG00000179388",93.2209624494888,-2.13823345543966,0.47087601984304,-4.54096909872881,5.59962393993163e-06,4.28766261517937e-05
"ENSG00000221818",175.986586995532,-1.11176219136325,0.149517786718857,-7.43565174258317,1.04053643053914e-13,3.84894943336245e-12
"ENSG00000240694",16.9134999751335,-1.65419706175019,0.484084883167196,-3.4171632275054,0.000632773284393518,0.00273925436358999
"ENSG00000120885",4300.78242666572,1.3436490223308,0.0601398621518258,22.3420702052609,1.44203237967203e-110,3.57383691428718e-107
"ENSG00000029534",66.5675770372909,1.34248209623639,0.34139328877633,3.93236229408113,8.41151661820248e-05,0.000470046043264453
"ENSG00000181690",49.0377744435299,-1.17869602463293,0.355977387711819,-3.31115420619678,0.000929119925071949,0.00383352199939508
"ENSG00000178460",31.1017966250757,-1.18260188583732,0.329393685952317,-3.59023847836752,0.00033037555725545,0.0015610691250043
"ENSG00000137571",13.4799234338007,-4.96498559911303,0.973219478455116,-5.1016093584506,3.36777329287209e-07,3.46806017070692e-06
"ENSG00000104381",3077.88883374679,-1.09009640139631,0.176686076555754,-6.1696791430666,6.84287082412113e-10,1.28801885005926e-08
"ENSG00000076641",234.083845906054,-1.38671135727772,0.171745535092566,-8.0742207157253,6.7908942245787e-16,3.68542325253596e-14
"ENSG00000164879",45.4097846858216,-1.35925842626044,0.32091104345609,-4.23562371559963,2.27918173873767e-05,0.000148842478941718
"ENSG00000104267",382.240922888287,-1.05072863033932,0.12588836501601,-8.34651105529639,7.03090634124438e-17,4.26732968548179e-15
"ENSG00000156103",6.59821298853157,-5.42639614265363,1.34093843955925,-4.0467153320157,5.19413437039284e-05,0.000306860461214706
"ENSG00000265817",1085.10378711133,-1.03277033844749,0.142128200110258,-7.26647025464552,3.69002422861529e-13,1.21664435209555e-11
"ENSG00000132561",187.525666786614,-1.083294817624,0.200767363541765,-5.39577149648948,6.82297351474346e-08,8.1688901903571e-07
"ENSG00000164932",78.900231602628,-1.08695593534035,0.347835501926868,-3.12491372881448,0.001778572136083,0.00670232328017085
"ENSG00000176406",117.54915949767,-1.70860606017837,0.187117119721375,-9.13121184594203,6.77367485108602e-20,5.62706955506419e-18
"ENSG00000164796",16.7564439445642,-3.61953420332411,0.648002882820949,-5.58567608151247,2.32792782717422e-08,3.06881975089368e-07
"ENSG00000170961",13.6694452976719,-2.14889108264221,0.571982928888084,-3.75691471565346,0.000172021088180371,0.000879324022427679
"ENSG00000212993",21.5438354680658,-2.09796610500022,0.467862159612519,-4.48415427898196,7.32036859516392e-06,5.43183038972492e-05
"ENSG00000178685",61.8436186361167,2.11644815887013,0.345073515024817,6.13332541246443,8.60608562196656e-10,1.59169767660003e-08
"ENSG00000107249",141.662768408234,-1.52474216070672,0.177106557328937,-8.60917960183055,7.35852849960353e-18,5.04245708705551e-16
"ENSG00000176399",18.2981746126426,-1.93407042342067,0.64469490319045,-2.99997784044731,0.00269999248534581,0.00956837184392091
"ENSG00000120162",118.378885774704,-2.23797588275143,0.215155155199158,-10.4016837555198,2.43590330417126e-25,3.81282969821333e-23
"ENSG00000106714",3327.50529971519,-1.36663320841369,0.100846115035691,-13.5516693719933,7.74485250505399e-42,3.38723402206332e-39
"ENSG00000273514",112.945104928388,-1.25220977476291,0.21071830053624,-5.94257723024655,2.80575391366926e-09,4.61011720400684e-08
"ENSG00000215126",5032.1474454235,-1.00445431757317,0.0743566475733199,-13.5086014546678,1.39139569540309e-41,5.74723721962331e-39
"ENSG00000154529",5734.96866696511,-1.61874253223948,0.0890426304239127,-18.1794105198038,7.51370881802038e-74,8.59452693261254e-71
"ENSG00000283378",1129.16998322792,-1.30384065060018,0.105987110331322,-12.3018794127352,8.84908679002639e-35,2.74137334516026e-32
"ENSG00000204779",123.444215034333,-1.23662619160854,0.19749460823494,-6.2615693798458,3.81122181468811e-10,7.57488723187654e-09
"ENSG00000147996",6277.16004356735,-1.06583896179486,0.0877211903107081,-12.1503020880094,5.71540243735141e-34,1.73444967843705e-31
"ENSG00000184659",153.820431061456,-1.111573169001,0.179083420961786,-6.20701326248506,5.40010427675805e-10,1.03880401805164e-08
"ENSG00000260691",1215.43539545596,-1.31578931525766,0.0847535558286584,-15.5248862704677,2.35421112804117e-54,1.59123270336237e-51
"ENSG00000187559",135.168535029005,-1.20305308670141,0.215104973480635,-5.59286504274956,2.23352901519596e-08,2.96540861213963e-07
"ENSG00000154330",30.1592416407049,-1.20517456966648,0.379447646631902,-3.17612872385424,0.0014925470650034,0.00575425845387623
"ENSG00000135063",103.572286877411,-1.42062349762137,0.20784169775727,-6.83512265801667,8.19348933722692e-12,2.17955610813174e-10
"ENSG00000107282",25.9097757426915,-1.80615234380682,0.47674694948054,-3.78849271248571,0.000151564037852386,0.000785281269290936
"ENSG00000119121",144.668944353507,-1.50975525443033,0.257216355638879,-5.8695927429668,4.36866922792353e-09,6.88157959949394e-08
"ENSG00000165105",9.08680077671351,-2.62383766892866,0.844639667042571,-3.10645802146114,0.00189343189859074,0.00707420410352871
"ENSG00000196730",287.425510787929,-2.05137952008319,0.178207736262095,-11.5111698465558,1.15895477838572e-30,2.87227625909929e-28
"ENSG00000136826",556.567251365778,-1.40375846070087,0.259742964173782,-5.40441380256859,6.5020681804358e-08,7.84786963012016e-07
"ENSG00000106804",22.8724677517183,-2.46123340357384,0.543145168778418,-4.53144673846473,5.85811077741063e-06,4.46489529780093e-05
"ENSG00000188394",435.467885773458,-1.50211455081787,0.124640705832573,-12.0515568391888,1.9032087206679e-33,5.66014273526635e-31
"ENSG00000175164",68.8741063690381,-2.13782429372532,0.266942716768273,-8.00855074679228,1.16068067164454e-15,6.09870020754569e-14
"ENSG00000184698",40.3473211798341,-1.36936901041655,0.443305127797468,-3.08899880590186,0.002008322462617,0.00743434279788767
"ENSG00000167359",2499.60412241258,-1.08631447741375,0.254418798577909,-4.26978856706257,1.95658356829588e-05,0.000129885703841785
"ENSG00000170955",107.184574554982,1.36350798681915,0.285952352421187,4.76830484265713,1.85782520658595e-06,1.6098986492968e-05
"ENSG00000188124",51.576845198428,-1.27718657383712,0.315100162047855,-4.05327171378335,5.05062837379166e-05,0.000299095356106261
"ENSG00000184933",89.2822023844026,-1.56996982001098,0.236837147910719,-6.62890021206815,3.38197101197768e-11,8.32614386558081e-10
"ENSG00000166368",42.991677796776,-1.66339162420671,0.352930477243623,-4.7130858099809,2.43993387008343e-06,2.04289508153945e-05
"ENSG00000148926",1027.89651919481,1.25483555089311,0.133457457261203,9.40251355484128,5.32748894001618e-21,5.04584462025737e-19
"ENSG00000110693",53.7526522129015,-1.17222753901394,0.261880495362751,-4.47619261369655,7.59859375323269e-06,5.61865187024217e-05
"ENSG00000129167",111.820619527325,-1.20267597192528,0.189621387088991,-6.34251225765398,2.26048217800551e-10,4.6946047467796e-09
"ENSG00000135373",2633.5677805127,1.12468438995455,0.118047246213384,9.52740894879961,1.61257713184022e-21,1.62020418584217e-19
"ENSG00000166349",39.2123713163065,-1.24554772508311,0.406990750251431,-3.06038337311999,0.00221053834620662,0.00803684723914241
"ENSG00000149489",22.1001843492141,1.33121726892829,0.436057603241939,3.0528472821736,0.00226681268534907,0.00822134259296114
"ENSG00000172893",1986.62248804678,1.12793581908681,0.0741262007188793,15.2164256112958,2.75159451512854e-52,1.57370040153697e-49
"ENSG00000186642",183.772634328584,-1.97686935112358,0.413035334591847,-4.78619911073004,1.69969440488209e-06,1.49730188392161e-05
"ENSG00000149257",3895.0009750761,1.11100395450621,0.109343792487457,10.1606495369516,2.97090549431675e-24,4.05296923857707e-22
"ENSG00000085741",31.3036812931323,-1.18732204506163,0.370968476286266,-3.20060091614201,0.00137141335493367,0.00535247154537103
"ENSG00000168959",8.23089819024858,-3.14607684381849,0.826344184826465,-3.80722331152989,0.000140535834811914,0.000735833754807453
"ENSG00000137673",27.6984476785864,1.62996363288023,0.459479654322008,3.54741198559782,0.000389035713722865,0.00178990131901578
"ENSG00000196954",525.453442605559,1.19471578717587,0.149638015855778,7.98403921853217,1.41620994536777e-15,7.28686570505837e-14
"ENSG00000166323",129.961895871242,-1.08045429231293,0.20593745247289,-5.2465167425297,1.5500176877177e-07,1.72134152474699e-06
"ENSG00000151474",27.031515788048,-1.79359225979798,0.42858757240407,-4.18489096577675,2.85303011614725e-05,0.000181301529175682
"ENSG00000107611",270.502470194341,-1.40057803294311,0.2361753867069,-5.93024553689529,3.02482012515794e-09,4.92651426737115e-08
"ENSG00000165995",126.526155900812,-1.90066734857412,0.191409355922563,-9.92985603766968,3.08700909676249e-23,3.73201831454132e-21
"ENSG00000078114",1863.71240571713,-1.23573479410764,0.0811059434361104,-15.2360572080771,2.03803620355949e-52,1.21222393387718e-49
"ENSG00000216937",590.844475755092,-1.08496887056215,0.119144670473825,-9.10631475371374,8.52278122945887e-20,6.96339323527766e-18
"ENSG00000099250",181.720226751129,-1.13498716907889,0.301077387808977,-3.76975227976602,0.000163409658346998,0.000838475369088981
"ENSG00000107984",3043.88152459639,-1.44555128783081,0.217448997860891,-6.64777167083372,2.97563425144115e-11,7.4310402355359e-10
"ENSG00000182010",1183.93727770519,-1.003447097039,0.131893407595434,-7.60801555841931,2.78336341530111e-14,1.14649900236918e-12
"ENSG00000180644",190.856435553569,-1.16451895601788,0.245182690925873,-4.74959692962159,2.03822485965001e-06,1.74545407306882e-05
"ENSG00000148655",113.37780673176,-1.10861884092547,0.185964546664893,-5.96145265754982,2.50005353311661e-09,4.14445886705061e-08
"ENSG00000119922",71.7348388296877,1.29068159797899,0.263027818973556,4.90701555073439,9.2472703776394e-07,8.58682335454936e-06
"ENSG00000119917",63.473649772018,1.33663517474955,0.281218692648319,4.75300970274083,2.00410726352841e-06,1.71863177673976e-05
"ENSG00000148680",980.807482143817,-1.76680131726645,0.10396126359728,-16.9948041812054,8.97295091645683e-65,7.41265445153962e-62
"ENSG00000241935",38.5810355266029,1.02024724249836,0.333663229516355,3.05771554143743,0.00223031180656044,0.00810081498865503
"ENSG00000099194",29985.1448825128,1.27206062899329,0.130398651384068,9.75516706263043,1.75311789855872e-22,1.98998955355482e-20
"ENSG00000065618",89.5888992828934,-1.52078328460812,0.260557748442474,-5.83664578658225,5.32621598381113e-09,8.18748512901324e-08
"ENSG00000120051",38.1337253514384,-1.33663372435316,0.332942129669311,-4.01461276673139,5.95434708222544e-05,0.00034411636654758
"ENSG00000197142",7269.38962856066,-1.95197392239861,0.128361167108504,-15.2068882386259,3.18318249406774e-52,1.75310828469583e-49
"ENSG00000169129",44.5928279554362,-1.20375791172372,0.378130919196375,-3.18344216411082,0.00145535184410472,0.00563423116944471
"ENSG00000108001",27.6470438436102,-1.33039243140526,0.412143756434096,-3.22798152498034,0.00124667025451086,0.00493556620995112
"ENSG00000010610",4.56674000319453,-3.30207230845955,1.09084406706976,-3.02708004575726,0.0024692856038591,0.00885845040515918
"ENSG00000059804",99.2518953326608,-1.00825867470606,0.313729316077305,-3.21378533352496,0.00130997569852592,0.00514238084400223
"ENSG00000166532",23.4616037462649,-3.82145955703707,0.887277400707095,-4.30695017588823,1.65520874178526e-05,0.000112490648950397
"ENSG00000139187",77.6905992140565,-1.19798328444277,0.243852388790071,-4.91273958966259,8.98125300194654e-07,8.38889649113977e-06
"ENSG00000134539",39.6313595120359,-1.94979391492618,0.509197473314079,-3.82915080516026,0.0001285861966689,0.000679728668491485
"ENSG00000231887",595.14054813206,-1.08981951233597,0.113142175911105,-9.63230116055245,5.84065957024166e-22,6.07346907758696e-20
"ENSG00000212128",242.004272583769,-1.35738739291655,0.23086771781434,-5.8795027982567,4.11500643992801e-09,6.51652244533861e-08
"ENSG00000212127",307.971311887124,-1.07611938818837,0.138268055670131,-7.78284892322266,7.09092938092988e-15,3.25438641649467e-13
"ENSG00000212126",124.122189584331,-1.05946549644403,0.177968728008492,-5.95309922310323,2.63111667544456e-09,4.34718944042895e-08
"ENSG00000226761",193.490632629878,-1.18853432815953,0.183596357629026,-6.47362694722451,9.56779560956487e-11,2.16220548197917e-09
"ENSG00000256188",660.70553267008,-1.3374949009247,0.138703594513046,-9.64282797154833,5.27153180775067e-22,5.55940978590443e-20
"ENSG00000134533",4.37641346023258,-5.81235799982546,1.5775507167642,-3.68441910491949,0.000229224809761036,0.00113241625287262
"ENSG00000139144",3.94384125052036,-5.67334010811516,1.44725925049316,-3.92005793445919,8.85276844726572e-05,0.000490830226736918
"ENSG00000111700",102.005258188242,-1.64937294599943,0.266688213314462,-6.18464882831019,6.2240868548263e-10,1.18656630168291e-08
"ENSG00000257062",6.37632245348895,-2.7207587736606,0.853164265666275,-3.18902101641099,0.00142755498602143,0.00553526535648987
"ENSG00000134538",19.7914565879911,-2.00956719287598,0.538743334791982,-3.73010126176671,0.000191402829915096,0.000966110007073142
"ENSG00000110841",9544.43996275855,1.08209112447066,0.100843548099499,10.7303951999289,7.32820924025818e-27,1.43117758837056e-24
"ENSG00000174236",131.031894205923,1.10704968795032,0.181560264849356,6.09742274207882,1.07792186088519e-09,1.93817389012851e-08
"ENSG00000187950",3.35726491715867,-5.45752129167403,1.5628847134678,-3.49195384959946,0.000479501087936914,0.00214829771323413
"ENSG00000133687",86.8408286219645,-2.39279378458278,0.276331832937149,-8.65913188194652,4.75370585469659e-18,3.36607647901611e-16
"ENSG00000139211",46.5489087556469,-1.30177358852398,0.300505641360434,-4.33194392834242,1.47798586466075e-05,0.000101654254428794
"ENSG00000179715",45.3812215134598,-3.24176783300119,0.447312737328835,-7.24720662407172,4.25454677898359e-13,1.39044199128541e-11
"ENSG00000185432",106.550998872862,1.8000939613397,0.300712507350071,5.98609607961579,2.14937431091037e-09,3.59923378414833e-08
"ENSG00000240771",23.3247514320275,-3.82022956124799,0.567289447039035,-6.7341805513705,1.64856365722142e-11,4.27820970032853e-10
"ENSG00000155974",5.84082511221168,-4.30683325957678,1.24561998934225,-3.45758200448517,0.000545046332597464,0.00240285768328618
"ENSG00000135678",187.770353540866,-1.51001778234779,0.348392031196115,-4.33424891253548,1.46258614089873e-05,0.000100875027435826
"ENSG00000072657",258.339670051451,1.43139348622406,0.176906940527711,8.09122288788802,5.9068650239169e-16,3.21740230423605e-14
"ENSG00000180881",1179.79866408328,-1.36280619934831,0.164134188064637,-8.30300021840442,1.01514689284332e-16,6.0380937186321e-15
"ENSG00000198774",2.71577073187733,-5.12059861464665,1.70041727285473,-3.01137767558076,0.00260065162901406,0.00926711951196719
"ENSG00000182050",11.1577292363012,-4.67269466645382,0.968858966826427,-4.8228842653535,1.41497079945989e-06,1.26827099384983e-05
"ENSG00000139318",6032.97281977341,-1.02241680984909,0.207486572652675,-4.927628794373,8.32335569284544e-07,7.84833856389421e-06
"ENSG00000139344",100.289114049595,-1.12337399946558,0.229183916062494,-4.90162668814532,9.50463239208647e-07,8.81683616159238e-06
"ENSG00000111245",10.022047346204,2.88973039798346,0.763669116183865,3.78400846223,0.000154322572624251,0.000798183184320906
"ENSG00000127863",28.9661301711403,-1.35174801107254,0.386379476763277,-3.49849847718677,0.000467885761449341,0.00210423634934039
"ENSG00000132938",5.38316696492154,-3.09890179033067,0.992517447419565,-3.12226429710376,0.00179465746316029,0.00675096293377018
"ENSG00000073910",157.72678945249,-2.12393099014055,0.224366668548938,-9.46633920214974,2.898230984055e-21,2.85408574390052e-19
"ENSG00000133083",26.9714185037501,-6.57855767453573,1.07547900318368,-6.11686295600529,9.54353703578638e-10,1.73487036335139e-08
"ENSG00000102445",41.5640803231059,-2.07094121676108,0.449483700390341,-4.60737778692005,4.07778728225995e-06,3.21339146196107e-05
"ENSG00000102796",52.3982402742436,-1.09267983399526,0.313903433272457,-3.48094260264702,0.000499652550424299,0.0022278361093881
"ENSG00000197168",223.109863951869,-1.32837569909305,0.14401333584202,-9.22397701106134,2.86280444031898e-20,2.48946795482709e-18
"ENSG00000136098",506.839483816131,-1.25267150800277,0.130695152041983,-9.58468228110226,9.27426440250961e-22,9.510918045884e-20
"ENSG00000118922",798.242328671865,-1.26432133148262,0.122412009122759,-10.3284092838858,5.24226943569772e-25,7.87399459685101e-23
"ENSG00000080166",9.9970777992793,-2.44765891910128,0.672373405058705,-3.6403267896766,0.00027229223210465,0.00131193186163054
"ENSG00000198542",51.3244704936047,-4.76742720488688,0.462565319319131,-10.3064951170664,6.58595078486168e-25,9.79330881708931e-23
"ENSG00000102524",44.1815371496443,-1.0760041943565,0.325919143790761,-3.30144520460355,0.000961881211214038,0.00395115293114717
"ENSG00000169327",3.37224083807743,-5.46247875953001,1.57598688126648,-3.46606867383331,0.000528128365983403,0.00233589196971243
"ENSG00000168952",17.1473349368645,-7.79004071673355,1.25187764867371,-6.22268535985656,4.8871685738944e-10,9.45022063638618e-09
"ENSG00000186469",14.2685463303289,-2.22575225512378,0.610840716810183,-3.64375228086739,0.000268692034229847,0.00129806710493756
"ENSG00000180998",73.167695961907,-1.25611497366076,0.233798534883887,-5.37263834559352,7.75928553475352e-08,9.17904342894072e-07
"ENSG00000125378",3598.06275979998,-1.68641280649446,0.174942129227093,-9.63983240597992,5.42765169517188e-22,5.68374512022577e-20
"ENSG00000139970",13.8013240024905,-1.79536069676703,0.525890431827223,-3.41394440383521,0.000640296401568198,0.00276779287538346
"ENSG00000182185",1087.20347378982,-1.19331466660425,0.114681835825167,-10.4054374262325,2.34178084789472e-25,3.70449800087175e-23
"ENSG00000134007",107.680771396551,-1.04164981238383,0.192569341907537,-5.40921935997469,6.33000584480487e-08,7.6775845768555e-07
"ENSG00000119681",173.602800787328,-1.14022142908254,0.367089731637444,-3.10611093368495,0.00189565584831082,0.00708073410308512
"ENSG00000133962",48.7287258737945,-1.2279333462543,0.272795408367623,-4.50129770732623,6.75398271772037e-06,5.07230924305566e-05
"ENSG00000119698",572.596844315545,-1.02213711169882,0.146998397839848,-6.95338947035611,3.56612376283242e-12,1.00432311275224e-10
"ENSG00000168398",23.7876818449781,-2.39775406715221,0.680098384225935,-3.52559882917712,0.000422526490660932,0.00192551912844869
"ENSG00000036530",80.3824980813433,-1.03800265260516,0.244508473082232,-4.24526250366817,2.18337659785151e-05,0.000143531432405181
"ENSG00000179938",116.787367265515,-1.1040157157342,0.174380326635801,-6.33107952618975,2.43451817286922e-10,5.00017751803388e-09
"ENSG00000261247",132.966497598305,-1.1474281717421,0.18754430870074,-6.11817111215583,9.46553979353142e-10,1.72490902855162e-08
"ENSG00000261794",183.302704641765,-1.03883794292326,0.233888945771893,-4.44158632420539,8.929810908987e-06,6.51232409105624e-05
"ENSG00000249931",147.350262823245,-1.22431298556692,0.190109409140918,-6.44004413616057,1.1943876485778e-10,2.66275027501528e-09
"ENSG00000248905",76.5726618135797,-1.19221417517823,0.27159832858392,-4.38962265119334,1.13547521732378e-05,8.02529988043564e-05
"ENSG00000171766",203.375777060698,-1.08040594909808,0.195968326697181,-5.51316616979424,3.52435188985721e-08,4.45638712603544e-07
"ENSG00000104043",57.448339674191,-1.26230131116673,0.273344852769413,-4.61798090718607,3.87491895563138e-06,3.05838879353708e-05
"ENSG00000263155",22.0148239270962,-1.59110685060502,0.452634049642212,-3.51521687743713,0.000439394995349103,0.00199201328684182
"ENSG00000137878",104.895680586208,-1.41696268043628,0.292994093676469,-4.83614759142866,1.32379645302591e-06,1.19374489123682e-05
"ENSG00000174498",29.9249226351434,-1.32205708633026,0.349760768089617,-3.7798895901084,0.000156897917559928,0.000810094456290325
"ENSG00000103647",119.536527107587,-2.09141988251526,0.275598034834038,-7.58866036100254,3.23229768087711e-14,1.30609419876746e-12
"ENSG00000187720",835.40150500454,-1.11664031945577,0.28020448493434,-3.98509081579273,6.74543223311695e-05,0.000386530163030632
"ENSG00000137868",4.38581698206143,-4.80953415035251,1.4417979515435,-3.33578927976954,0.000850576088717721,0.00355482474402263
"ENSG00000172379",190.590356231772,-1.14517150989565,0.174029878767583,-6.58031550677009,4.69451018509574e-11,1.12230492688704e-09
"ENSG00000140600",61.7337494995069,-1.53129011457374,0.340260660072083,-4.50034427797013,6.7843490706848e-06,5.08997329369743e-05
"ENSG00000176463",116.508581589214,-2.10416526476384,0.205683387684548,-10.2301176991063,1.45342627734176e-24,2.07812007154538e-22
"ENSG00000184471",36.4037484026396,1.20204788182281,0.337266303753758,3.56409124909329,0.000365118932766506,0.00169507290984637
"ENSG00000196408",40.2055554676773,1.09005139588803,0.301700112512751,3.61302946428949,0.00030264029855183,0.00144100584036686
"ENSG00000205923",8.96981021649177,2.45051209341686,0.738898048560928,3.31644142001655,0.000911716987844751,0.00377008665440808
"ENSG00000008517",12.1936831413901,-4.38373382171625,0.861392590773434,-5.0891241330276,3.59721093210004e-07,3.68392056200604e-06
"ENSG00000052344",497.26096876326,1.08065248082095,0.224334279351951,4.81715270596496,1.45621242908009e-06,1.30328452245059e-05
"ENSG00000171208",323.631755748668,-1.1572012675726,0.146756357144905,-7.88518664598627,3.14065736239198e-15,1.51137783102812e-13
"ENSG00000159387",10.3635538326028,-3.25310584858656,0.756467401833827,-4.30039131983796,1.70496771286852e-05,0.000115334756299409
"ENSG00000103044",2657.72473972005,-2.32242308436062,0.178248300088402,-13.0291457658155,8.35376525068499e-39,3.02976803116307e-36
"ENSG00000186153",409.80446042636,-1.00362466330231,0.155187581218896,-6.46717124797939,9.98544685223071e-11,2.25316532158832e-09
"ENSG00000064270",538.881511046601,-1.01820326010414,0.273692000886515,-3.72025216961433,0.000199023958556649,0.000999406671452712
"ENSG00000015413",65.5724513287961,-5.1286631780879,0.4812167854951,-10.6576980119496,1.60521409946633e-26,2.98369170738305e-24
"ENSG00000161921",693.509304437937,1.0812153710807,0.102678052084988,10.5301507880746,6.2733907956986e-26,1.08471303641905e-23
"ENSG00000183914",54.8877673525756,-2.40676919975483,0.32591819564156,-7.38458064612556,1.52934635868711e-13,5.44052161571229e-12
"ENSG00000239704",192.141240835631,-1.01500419079129,0.166374970536411,-6.10070245253124,1.05603331312191e-09,1.90111566175821e-08
"ENSG00000120068",968.52735085696,1.20192774082554,0.0908658579848748,13.2274956455659,6.08823517620329e-40,2.32133479667033e-37
"ENSG00000173868",66.0395227735265,-1.21169297119593,0.307315372272432,-3.94283228409992,8.052496930414e-05,0.000452192709045529
"ENSG00000153930",59.5500280689234,-3.56941073384342,0.56672204101069,-6.29834464789432,3.00841026395634e-10,6.07813323709657e-09
"ENSG00000005379",13.290256824526,-1.72016293731658,0.543463379545228,-3.16518647264885,0.00154983590503081,0.00594890550020862
"ENSG00000213246",249.897186259292,-1.17730609444697,0.205879787290908,-5.71841514865873,1.07522185525064e-08,1.51838072056762e-07
"ENSG00000108375",1625.73540427651,-1.05080439753012,0.108540365390914,-9.68123143630106,3.62325142092972e-22,4.05095854355074e-20
"ENSG00000121075",18.2559827752155,-3.59297233234019,0.648816610575889,-5.53773173154595,3.0641412631786e-08,3.92207275397348e-07
"ENSG00000108932",572.946702647141,-2.13901738354461,0.260842956182557,-8.2004030886982,2.39582314839316e-16,1.36497663665158e-14
"ENSG00000154263",98.2204476959859,-1.42537914387768,0.226238772396888,-6.30033096792603,2.97010753201297e-10,6.00891142871196e-09
"ENSG00000108984",12.7383928061352,-7.37132525669409,1.30358653847834,-5.6546497214512,1.56164418850779e-08,2.15035002573189e-07
"ENSG00000196169",8.76425762065073,-2.56988606319536,0.791555887642306,-3.24662617424262,0.0011678167050435,0.00466186158496558
"ENSG00000284526",62.8993926540648,-1.48381047979621,0.301129070768419,-4.92748998298248,8.32926923134148e-07,7.84893748225905e-06
"ENSG00000070731",92.172443919068,-1.15935099146853,0.278748453117022,-4.1591297763429,3.19462364044619e-05,0.00019959686358586
"ENSG00000141574",141.23358226865,2.06333484819613,0.194577528554205,10.6041785170548,2.84957120212005e-26,5.16745411896649e-24
"ENSG00000170579",25.9783520238781,-1.52227506287959,0.406188106854428,-3.74770958871317,0.000178456703560443,0.000908672050430519
"ENSG00000168675",35.415463947674,-2.25115784973081,0.366455952567872,-6.14305166543549,8.09509379600777e-10,1.50467555933294e-08
"ENSG00000141449",1273.0208166226,-2.00714286684096,0.128851774917213,-15.5771456631509,1.04100413518229e-54,7.37130070960032e-52
"ENSG00000154040",198.190958410802,3.66047876488858,0.254863468178389,14.3625086445361,8.89482051806231e-47,4.56089590012367e-44
"ENSG00000184828",28.8512727933951,-1.0918933788277,0.348678024557529,-3.13152335944688,0.00173901951118087,0.00657326388694953
"ENSG00000101665",260.774666020381,-1.11902529683057,0.156260088255829,-7.16129953157651,7.99158163019596e-13,2.50178565981082e-11
"ENSG00000101670",143.525043037158,2.28787673164397,0.212647800494243,10.7589955143031,5.37528684938019e-27,1.08014210067951e-24
"ENSG00000183287",17.7968810681868,-2.32987359956968,0.565783611564021,-4.1179587954644,3.82243017461116e-05,0.000234293226283875
"ENSG00000176641",52.3985559747448,-1.29817450136879,0.271332216158205,-4.78444660847745,1.71459065032824e-06,1.50596355406858e-05
"ENSG00000150636",57.998409152787,-1.99706865386951,0.276462093919503,-7.22366175252581,5.06060402077469e-13,1.63589525628086e-11
"ENSG00000125845",5.64711735688182,-6.19570722675714,1.36971932633777,-4.5233407367644,6.08711267606469e-06,4.62048828448606e-05
"ENSG00000101349",3.57156978673841,-5.52806599821789,1.528203178689,-3.61736323762934,0.000297619496725969,0.00141999324879697
"ENSG00000132639",51.2520820816677,-3.83176320790004,0.390758670099013,-9.80595825789131,1.06134779470699e-22,1.24269619742464e-20
"ENSG00000172264",130.773547973576,-1.29327809725344,0.19475928276955,-6.64039258546522,3.12848754360128e-11,7.76637892710368e-10
"ENSG00000125848",22.2843811623971,-4.93909824484921,0.800978872387072,-6.16632774611113,6.98941412120809e-10,1.31228015129248e-08
"ENSG00000089101",29.1704617178389,-1.4011800155692,0.421976478640505,-3.3205168688156,0.000898509290196782,0.00372375505719792
"ENSG00000125798",9.54350427174365,-4.00067308934892,0.922517015748152,-4.33669300517391,1.44642421425005e-05,9.98993407612553e-05
"ENSG00000124143",152.51245995969,-1.36710126769516,0.346776145159491,-3.94231635243076,8.06984371564125e-05,0.000452995757084127
"ENSG00000124140",15.6034618876975,-3.0468475196173,0.609976966917073,-4.99502060711666,5.88294852974153e-07,5.72509454432307e-06
"ENSG00000101115",139.204943938187,-1.16075575414728,0.223649627244664,-5.19006344185612,2.10222442409873e-07,2.25294931451282e-06
"ENSG00000124225",18.4708369387402,-2.57299005248335,0.622949026339307,-4.13033802717896,3.62230231199474e-05,0.000223315237891218
"ENSG00000124203",5.76335194949095,-3.22687152047885,0.992003383501953,-3.25288358300493,0.00114240290582916,0.00457638233019386
"ENSG00000130818",139.965196015348,-3.77745463949777,0.235805839066211,-16.0193430936929,9.36342328813183e-58,6.96170521472602e-55
"ENSG00000090339",204.510948403374,-1.38153497758135,0.235036888917126,-5.87794955909447,4.15379439058517e-09,6.57094921148952e-08
"ENSG00000167232",1355.07753776642,-2.22593961966499,0.104231549769796,-21.3557183461356,3.45026033519553e-101,7.32933874062251e-98
"ENSG00000197372",422.025863731529,-1.19724752955595,0.118878837718002,-10.0711577648159,7.41006055229622e-24,9.58153047066477e-22
"ENSG00000197808",40.6331975277571,-1.76911561284713,0.333757700611114,-5.30059863669919,1.15423585326778e-07,1.31722848335318e-06
"ENSG00000237452",108.122059526704,-1.71382682704487,0.269826771426168,-6.35158186115652,2.13111954366563e-10,4.45080724920054e-09
"ENSG00000204869",7.95099080306152,-2.82289592923715,0.791241372454073,-3.56767988569885,0.000360156120209957,0.00167904945172714
"ENSG00000105383",129.482916176357,-2.16532519668187,0.195356822103689,-11.0839497354875,1.50101551740952e-28,3.23479720925792e-26
"ENSG00000197619",91.9970043728623,-1.17473161001126,0.198383487494582,-5.92151909842467,3.18981252823332e-09,5.15570785813363e-08
"ENSG00000189190",494.991403942317,-1.09420552969704,0.120218379416018,-9.10181567088443,8.88341084397879e-20,7.21837810109096e-18
"ENSG00000251369",86.332893269451,-2.47515324051917,0.27635355988955,-8.95647315528852,3.35229019514092e-19,2.54329363274212e-17
"ENSG00000129824",156.332922896721,-10.9854888632836,1.18770542979233,-9.2493379147087,2.2588750965404e-20,1.99937337414022e-18
"ENSG00000067646",41.0180541753507,-7.18929277626376,1.06052833871444,-6.7789728136624,1.21033297819054e-11,3.17418895691242e-10
"ENSG00000114374",396.077048788543,-12.3240041489008,1.18673550615272,-10.3847943244354,2.90795419031658e-25,4.45786379484614e-23
"ENSG00000067048",363.577561337423,-9.01962187485531,0.668797489993791,-13.48632734094,1.88246860639303e-41,7.56548869650389e-39
"ENSG00000183878",239.805601468607,-11.5995158337755,1.18785854402762,-9.76506494994387,1.59010089123625e-22,1.83293025214597e-20
"ENSG00000154620",3.87739826763337,-5.65494783686587,1.47037262044316,-3.84592841178008,0.000120096826185775,0.000641235118629254
"ENSG00000012817",166.303926439359,-11.0715190168414,1.19686736855627,-9.25041429627788,2.23624194705561e-20,1.9911926798034e-18
"ENSG00000198692",43.2849501881429,-9.13443870997933,1.21430906726843,-7.52233426908944,5.38068018552643e-14,2.11668556504704e-12
"ENSG00000099994",711.946494463538,1.96927394930525,0.151182787454475,13.025781456095,8.73026808662722e-39,3.09093062971778e-36
"ENSG00000100234",49.559718418914,-3.33023580662476,0.435394795465684,-7.64877265715326,2.02906602241074e-14,8.62063192949934e-13
"ENSG00000100342",6.6578437032476,3.32594166714247,1.03522322579877,3.21277728731038,0.00131458183738152,0.00515637877126435
"ENSG00000100055",76.490962638088,-1.56259244452922,0.360862979096099,-4.33015447703518,1.4900477670693e-05,0.000102341848943744
"ENSG00000239713",32.1523452828348,-1.42719963549703,0.422697637289939,-3.37640788495365,0.00073438958514726,0.00311565567222247
"ENSG00000159307",149.924354006376,-1.14615639428904,0.215100664155883,-5.32846515740381,9.90461927888087e-08,1.14884312540529e-06
"ENSG00000183778",285.661756594308,-1.26600676512596,0.377461929261508,-3.3539985545108,0.000796527789000534,0.0033524959587993
